url,Booba,Top
https://pub-6dd573008dee4009bea8855056470713.r2.dev/OMD/Hadeswhore/143end.jpg,X,X
https://pub-6dd573008dee4009bea8855056470713.r2.dev/OMD/Hadeswhore/1end.jpg,X,
https://pub-6dd573008dee4009bea8855056470713.r2.dev/OMD/Hadeswhore/2end.jpg,,X
https://pub-6dd573008dee4009bea8855056470713.r2.dev/OMD/Hadeswhore/3end.jpg,X,
https://pub-6dd573008dee4009bea8855056470713.r2.dev/OMD/Hadeswhore/4end.jpg,X,
https://pub-6dd573008dee4009bea8855056470713.r2.dev/OMD/Hadeswhore/corrupt1.jpg,X,X
https://pub-6dd573008dee4009bea8855056470713.r2.dev/OMD/Hadeswhore/corrupt2.jpg,,
https://pub-6dd573008dee4009bea8855056470713.r2.dev/OMD/Hadeswhore/fallen1.jpg,,
https://pub-6dd573008dee4009bea8855056470713.r2.dev/OMD/Hadeswhore/fallen2.jpg,,
https://pub-6dd573008dee4009bea8855056470713.r2.dev/OMD/Hadeswhore/fallen3.jpg,,
https://pub-6dd573008dee4009bea8855056470713.r2.dev/OMD/Hadeswhore/Hadeswhore.jpg,X,X
https://pub-6dd573008dee4009bea8855056470713.r2.dev/OMD/Hadeswhore/Hadeswhore10.jpg,X,X
https://pub-6dd573008dee4009bea8855056470713.r2.dev/OMD/Hadeswhore/Hadeswhore11.jpg,X,X
https://pub-6dd573008dee4009bea8855056470713.r2.dev/OMD/Hadeswhore/Hadeswhore12.jpg,X,X
https://pub-6dd573008dee4009bea8855056470713.r2.dev/OMD/Hadeswhore/Hadeswhore13.jpg,X,
https://pub-6dd573008dee4009bea8855056470713.r2.dev/OMD/Hadeswhore/Hadeswhore14.jpg,,
https://pub-6dd573008dee4009bea8855056470713.r2.dev/OMD/Hadeswhore/Hadeswhore15.jpg,X,X
https://pub-6dd573008dee4009bea8855056470713.r2.dev/OMD/Hadeswhore/Hadeswhore16.jpg,X,
https://pub-6dd573008dee4009bea8855056470713.r2.dev/OMD/Hadeswhore/Hadeswhore17.jpg,,
https://pub-6dd573008dee4009bea8855056470713.r2.dev/OMD/Hadeswhore/Hadeswhore18.jpg,X,X
https://pub-6dd573008dee4009bea8855056470713.r2.dev/OMD/Hadeswhore/Hadeswhore19.jpg,X,
https://pub-6dd573008dee4009bea8855056470713.r2.dev/OMD/Hadeswhore/Hadeswhore2.jpg,,
https://pub-6dd573008dee4009bea8855056470713.r2.dev/OMD/Hadeswhore/Hadeswhore20.jpg,,
https://pub-6dd573008dee4009bea8855056470713.r2.dev/OMD/Hadeswhore/Hadeswhore21.jpg,X,X
https://pub-6dd573008dee4009bea8855056470713.r2.dev/OMD/Hadeswhore/Hadeswhore22.jpg,,
https://pub-6dd573008dee4009bea8855056470713.r2.dev/OMD/Hadeswhore/Hadeswhore23.jpg,,
https://pub-6dd573008dee4009bea8855056470713.r2.dev/OMD/Hadeswhore/Hadeswhore24.jpg,,X
https://pub-6dd573008dee4009bea8855056470713.r2.dev/OMD/Hadeswhore/Hadeswhore25.jpg,,
https://pub-6dd573008dee4009bea8855056470713.r2.dev/OMD/Hadeswhore/Hadeswhore26.jpg,X,
https://pub-6dd573008dee4009bea8855056470713.r2.dev/OMD/Hadeswhore/Hadeswhore27.jpg,X,
https://pub-6dd573008dee4009bea8855056470713.r2.dev/OMD/Hadeswhore/Hadeswhore28.jpg,X,
https://pub-6dd573008dee4009bea8855056470713.r2.dev/OMD/Hadeswhore/Hadeswhore29.jpg,,X
https://pub-6dd573008dee4009bea8855056470713.r2.dev/OMD/Hadeswhore/Hadeswhore3.jpg,X,X
https://pub-6dd573008dee4009bea8855056470713.r2.dev/OMD/Hadeswhore/Hadeswhore30.jpg,X,
https://pub-6dd573008dee4009bea8855056470713.r2.dev/OMD/Hadeswhore/Hadeswhore31.jpg,,X
https://pub-6dd573008dee4009bea8855056470713.r2.dev/OMD/Hadeswhore/Hadeswhore32.jpg,X,
https://pub-6dd573008dee4009bea8855056470713.r2.dev/OMD/Hadeswhore/Hadeswhore33.jpg,X,
https://pub-6dd573008dee4009bea8855056470713.r2.dev/OMD/Hadeswhore/Hadeswhore34.jpg,X,
https://pub-6dd573008dee4009bea8855056470713.r2.dev/OMD/Hadeswhore/Hadeswhore35.jpg,,
https://pub-6dd573008dee4009bea8855056470713.r2.dev/OMD/Hadeswhore/Hadeswhore36.jpg,X,X
https://pub-6dd573008dee4009bea8855056470713.r2.dev/OMD/Hadeswhore/Hadeswhore37.jpg,,
https://pub-6dd573008dee4009bea8855056470713.r2.dev/OMD/Hadeswhore/Hadeswhore38.jpg,X,X
https://pub-6dd573008dee4009bea8855056470713.r2.dev/OMD/Hadeswhore/Hadeswhore39.jpg,,
https://pub-6dd573008dee4009bea8855056470713.r2.dev/OMD/Hadeswhore/Hadeswhore4.jpg,X,
https://pub-6dd573008dee4009bea8855056470713.r2.dev/OMD/Hadeswhore/Hadeswhore40.jpg,,
https://pub-6dd573008dee4009bea8855056470713.r2.dev/OMD/Hadeswhore/Hadeswhore41.jpg,X,
https://pub-6dd573008dee4009bea8855056470713.r2.dev/OMD/Hadeswhore/Hadeswhore42.jpg,X,
https://pub-6dd573008dee4009bea8855056470713.r2.dev/OMD/Hadeswhore/Hadeswhore43.jpg,,
https://pub-6dd573008dee4009bea8855056470713.r2.dev/OMD/Hadeswhore/Hadeswhore44.jpg,,
https://pub-6dd573008dee4009bea8855056470713.r2.dev/OMD/Hadeswhore/Hadeswhore45.jpg,,
https://pub-6dd573008dee4009bea8855056470713.r2.dev/OMD/Hadeswhore/Hadeswhore46.jpg,,
https://pub-6dd573008dee4009bea8855056470713.r2.dev/OMD/Hadeswhore/Hadeswhore47.jpg,X,X
https://pub-6dd573008dee4009bea8855056470713.r2.dev/OMD/Hadeswhore/Hadeswhore48.jpg,,
https://pub-6dd573008dee4009bea8855056470713.r2.dev/OMD/Hadeswhore/Hadeswhore49.jpg,,
https://pub-6dd573008dee4009bea8855056470713.r2.dev/OMD/Hadeswhore/Hadeswhore5.jpg,X,
https://pub-6dd573008dee4009bea8855056470713.r2.dev/OMD/Hadeswhore/Hadeswhore50.jpg,,
https://pub-6dd573008dee4009bea8855056470713.r2.dev/OMD/Hadeswhore/Hadeswhore51.jpg,,
https://pub-6dd573008dee4009bea8855056470713.r2.dev/OMD/Hadeswhore/Hadeswhore52.jpg,X,
https://pub-6dd573008dee4009bea8855056470713.r2.dev/OMD/Hadeswhore/Hadeswhore53.jpg,X,X
https://pub-6dd573008dee4009bea8855056470713.r2.dev/OMD/Hadeswhore/Hadeswhore54.jpg,X,X
https://pub-6dd573008dee4009bea8855056470713.r2.dev/OMD/Hadeswhore/Hadeswhore55.jpg,,
https://pub-6dd573008dee4009bea8855056470713.r2.dev/OMD/Hadeswhore/Hadeswhore56.jpg,X,
https://pub-6dd573008dee4009bea8855056470713.r2.dev/OMD/Hadeswhore/Hadeswhore57.jpg,X,
https://pub-6dd573008dee4009bea8855056470713.r2.dev/OMD/Hadeswhore/Hadeswhore58.jpg,,
https://pub-6dd573008dee4009bea8855056470713.r2.dev/OMD/Hadeswhore/Hadeswhore59.jpg,X,
https://pub-6dd573008dee4009bea8855056470713.r2.dev/OMD/Hadeswhore/Hadeswhore6.jpg,,
https://pub-6dd573008dee4009bea8855056470713.r2.dev/OMD/Hadeswhore/Hadeswhore60.jpg,,X
https://pub-6dd573008dee4009bea8855056470713.r2.dev/OMD/Hadeswhore/Hadeswhore61.jpg,,
https://pub-6dd573008dee4009bea8855056470713.r2.dev/OMD/Hadeswhore/Hadeswhore62.jpg,X,X
https://pub-6dd573008dee4009bea8855056470713.r2.dev/OMD/Hadeswhore/Hadeswhore63.jpg,,
https://pub-6dd573008dee4009bea8855056470713.r2.dev/OMD/Hadeswhore/Hadeswhore64.jpg,,
https://pub-6dd573008dee4009bea8855056470713.r2.dev/OMD/Hadeswhore/Hadeswhore65.jpg,,X
https://pub-6dd573008dee4009bea8855056470713.r2.dev/OMD/Hadeswhore/Hadeswhore66.jpg,,
https://pub-6dd573008dee4009bea8855056470713.r2.dev/OMD/Hadeswhore/Hadeswhore67.jpg,,X
https://pub-6dd573008dee4009bea8855056470713.r2.dev/OMD/Hadeswhore/Hadeswhore68.jpg,,
https://pub-6dd573008dee4009bea8855056470713.r2.dev/OMD/Hadeswhore/Hadeswhore69.jpg,,
https://pub-6dd573008dee4009bea8855056470713.r2.dev/OMD/Hadeswhore/Hadeswhore7.jpg,X,
https://pub-6dd573008dee4009bea8855056470713.r2.dev/OMD/Hadeswhore/Hadeswhore70.jpg,,
https://pub-6dd573008dee4009bea8855056470713.r2.dev/OMD/Hadeswhore/Hadeswhore71.jpg,,
https://pub-6dd573008dee4009bea8855056470713.r2.dev/OMD/Hadeswhore/Hadeswhore72.jpg,,
https://pub-6dd573008dee4009bea8855056470713.r2.dev/OMD/Hadeswhore/Hadeswhore73.jpg,,
https://pub-6dd573008dee4009bea8855056470713.r2.dev/OMD/Hadeswhore/Hadeswhore74.jpg,X,X
https://pub-6dd573008dee4009bea8855056470713.r2.dev/OMD/Hadeswhore/Hadeswhore75.jpg,,
https://pub-6dd573008dee4009bea8855056470713.r2.dev/OMD/Hadeswhore/Hadeswhore76.jpg,X,
https://pub-6dd573008dee4009bea8855056470713.r2.dev/OMD/Hadeswhore/Hadeswhore77.jpg,,
https://pub-6dd573008dee4009bea8855056470713.r2.dev/OMD/Hadeswhore/Hadeswhore78.jpg,X,X
https://pub-6dd573008dee4009bea8855056470713.r2.dev/OMD/Hadeswhore/Hadeswhore79.jpg,,
https://pub-6dd573008dee4009bea8855056470713.r2.dev/OMD/Hadeswhore/Hadeswhore8.jpg,,
https://pub-6dd573008dee4009bea8855056470713.r2.dev/OMD/Hadeswhore/Hadeswhore9.jpg,,
https://pub-6dd573008dee4009bea8855056470713.r2.dev/OMD/Hadeswhore/hadeswhore_1.jpg,X,
https://pub-6dd573008dee4009bea8855056470713.r2.dev/OMD/Hadeswhore/hadeswhore_2.jpg,X,
https://pub-6dd573008dee4009bea8855056470713.r2.dev/OMD/Hadeswhore/M_Hadeswhore_1.jpg,,
https://pub-6dd573008dee4009bea8855056470713.r2.dev/OMD/Hadeswhore/M_Hadeswhore_10.jpg,X,
https://pub-6dd573008dee4009bea8855056470713.r2.dev/OMD/Hadeswhore/M_Hadeswhore_11.jpg,,
https://pub-6dd573008dee4009bea8855056470713.r2.dev/OMD/Hadeswhore/M_Hadeswhore_12.jpg,X,X
https://pub-6dd573008dee4009bea8855056470713.r2.dev/OMD/Hadeswhore/M_Hadeswhore_13.jpg,X,
https://pub-6dd573008dee4009bea8855056470713.r2.dev/OMD/Hadeswhore/M_Hadeswhore_14.jpg,X,
https://pub-6dd573008dee4009bea8855056470713.r2.dev/OMD/Hadeswhore/M_Hadeswhore_15.jpg,,
https://pub-6dd573008dee4009bea8855056470713.r2.dev/OMD/Hadeswhore/M_Hadeswhore_16.jpg,,
https://pub-6dd573008dee4009bea8855056470713.r2.dev/OMD/Hadeswhore/M_Hadeswhore_17.jpg,,
https://pub-6dd573008dee4009bea8855056470713.r2.dev/OMD/Hadeswhore/M_Hadeswhore_18.jpg,,X
https://pub-6dd573008dee4009bea8855056470713.r2.dev/OMD/Hadeswhore/M_Hadeswhore_2.jpg,X,
https://pub-6dd573008dee4009bea8855056470713.r2.dev/OMD/Hadeswhore/M_Hadeswhore_3.jpg,X,
https://pub-6dd573008dee4009bea8855056470713.r2.dev/OMD/Hadeswhore/M_Hadeswhore_4.jpg,X,
https://pub-6dd573008dee4009bea8855056470713.r2.dev/OMD/Hadeswhore/M_Hadeswhore_5.jpg,X,
https://pub-6dd573008dee4009bea8855056470713.r2.dev/OMD/Hadeswhore/M_Hadeswhore_6.jpg,X,X
https://pub-6dd573008dee4009bea8855056470713.r2.dev/OMD/Hadeswhore/M_Hadeswhore_7.jpg,,
https://pub-6dd573008dee4009bea8855056470713.r2.dev/OMD/Hadeswhore/M_Hadeswhore_8.jpg,X,X
https://pub-6dd573008dee4009bea8855056470713.r2.dev/OMD/Hadeswhore/M_Hadeswhore_9.jpg,X,
https://pub-6dd573008dee4009bea8855056470713.r2.dev/OMD/Hadeswhore/og1.jpg,,
https://pub-6dd573008dee4009bea8855056470713.r2.dev/OMD/Hadeswhore/OG10.jpg,,X
https://pub-6dd573008dee4009bea8855056470713.r2.dev/OMD/Hadeswhore/OG11.jpg,,X
https://pub-6dd573008dee4009bea8855056470713.r2.dev/OMD/Hadeswhore/OG12.jpg,,X
https://pub-6dd573008dee4009bea8855056470713.r2.dev/OMD/Hadeswhore/Og2.jpg,,
https://pub-6dd573008dee4009bea8855056470713.r2.dev/OMD/Hadeswhore/Og3.jpg,,
https://pub-6dd573008dee4009bea8855056470713.r2.dev/OMD/Hadeswhore/Og4.jpg,,
https://pub-6dd573008dee4009bea8855056470713.r2.dev/OMD/Hadeswhore/Og5.jpg,,X
https://pub-6dd573008dee4009bea8855056470713.r2.dev/OMD/Hadeswhore/OG6.jpg,,X
https://pub-6dd573008dee4009bea8855056470713.r2.dev/OMD/Hadeswhore/OG7.jpg,,
https://pub-6dd573008dee4009bea8855056470713.r2.dev/OMD/Hadeswhore/OG8.jpg,,X
https://pub-6dd573008dee4009bea8855056470713.r2.dev/OMD/Hadeswhore/OG9.jpg,,